<?xml version="1.0"?>
<faces-config version="2.2" xmlns="http://xmlns.jcp.org/xml/ns/javaee"
 xmlns:xsi="http://www.w3.org/2001/XMLSchema-instance" xsi:schemaLocation="http://xmlns.jcp.org/xml/ns/javaee http://xmlns.jcp.org/xml/ns/javaee/web-facesconfig_2_2.xsd">
 <application/>
 
 <navigation-rule>
 	<from-view-id>index.xhtml</from-view-id>
 	<navigation-case>
 		<from-outcome>welcome</from-outcome>
 		<to-view-id>VIEWS/bienvenido.xhtml</to-view-id>
 	</navigation-case>
 </navigation-rule>
 
</faces-config>
